value,total
The,8472
of,6121
a,2953
in,2147
and,2098
from,2003
at,1752
View,1570
Untitled,1514
on,1174
R.,1062
with,1024
near,939
Castle,935
St.,909
Church,890
to,829
Willd.,550
River,489
de,466
House,464
Old,432
Bridge,427
Landscape,421
north,408
Street,372
Lake,301
South,299
Roxb.,299
West,298
by,289
East,281
"Castle,",278
"House,",270
An,261
Looking,261
Park,260
for,260
Windsor,256
Scene,251
[sic],248
-,247
Temple,247
Prince,224
Cathedral,217
Memorial,215
New,207
Wales,206
Interior,200
Great,199
front,199
Entrance,192
Van,189
Bristol,185
or,184
Hall,181
"Church,",177
Study,176
Royal,175
Figures,174
Chapel,174
Abbey,173
Palace,170
Hill,164
op,162
Road,162
London,161
Portrait,160
"Hall,",160
Cottage,160
Lambeth,157
Queen,156
Side,150
Tower,147
off,145
Two,138
Ruins,138
man,136
Visit,135
en,133
Rome,132
Brighton,131
Coast,130
Gezicht,128
"Street,",127
Garden,127
Thames,126
Bay,125
Village,124
towards,124
Valley,123
Design,123
harbour,122
Views,121
"Bridge,",121
Trees,120
Venice,116
Elevation,115
Town,114
John,114
Linn.,114
Lady,109
Part,107
his,107
Carlisle,106
seen,105
Gate,105
Sea,104
Villa,103
Market,102
Room,101
Distant,100
Stone,100
Island,99
Seat,99
Loch,98
Priory,98
Isle,98
Boats,96
Tomb,96
Yorkshire,94
Schloss,94
Lane,94
la,93
over,93
Country,93
Water,92
Plan,91
Mountain,90
Mount,89
Sir,89
fish,88
Mill,85
End,85
Back,84
Mary,83
di,83
Boat,83
College,83
met,82
City,80
&,80
pm,79
Alnwick,78
Between,78
High,78
te,77
Shipping,77
Woman,77
het,76
Een,76
Thomas,76
sunset,75
Tynemouth,74
French,74
Head,73
San,73
Gateway,73
Manchester,73
Above,73
am,72
Ruin,72
Unidentified,72
bij,72
Mrs.,72
showing,71
Kent,71
Houses,71
Fishing,70
Farm,69
Sketch,69
"Chapel,",69
"Road,",69
white,68
"Hill,",68
Lord,67
Wight,67
"Palace,",67
Section,67
"Abbey,",66
Oxford,66
Northumberland,66
gardens,66
Grand,66
Clifton,65
Gentleman,65
Horse,65
George,65
Westminster,64
Port,64
Redcliffe,64
Cross,64
Beach,64
India,64
Black,63
Tree,63
Queen's,63
Inn,62
Château,62
Henry,62
across,61
three,61
Victoria,61
Arch,61
Eton,60
I,60
Distance,60
William,59
"Park,",59
"Tower,",59
Court,59
Sicily,59
Red,59
Under,59
Fort,59
James,59
Hyde,58
Nile,58
Green,58
York,58
Mr.,58
Terrace,57
Corner,57
Battle,57
Le,57
King,57
Rock,56
Lodge,56
Devon,56
Exhibition:,56
Young,55
Place,54
Duke,54
Italy,54
Up,54
Common,53
Cumberland,53
evening,53
Mountains,53
Scirpus,52
drawings,52
Surrey,52
Roman,52
Avon,52
"France,",52
Brass,52
Building,51
Elizabeth,51
Wood,51
Mr,51
Paris,51
Right,50
"Italy,",50
Greenwich,50
El,50
After,50
Falls,50
August,49
"Bay,",49
Hospital,49
"Gate,",49
Window,49
Buildings,49
Cyperus,49
Bank,49
Indian,49
Plate,49
Sussex,49
1867,48
"Saxony,",48
Ruined,48
Square,48
Volume,48
Prints,48
lower,48
"Spain,",48
Remains,48
HMS,48
"Reba,",48
St,48
Winchester,48
Theatre,47
as,47
Girl,47
Tivoli,47
Long,47
Canal,47
Pier,47
Balmoral,47
Holy,47
no.,46
James's,46
Blue,46
down,46
Drawing,46
Upper,46
Monument,46
outside,45
Earl,45
July,45
One,45
des,45
Clapham,45
Rhine,44
Ancient,44
Charles,44
School,44
Naples,44
March,44
taken,44
Below,43
Cattle,43
Waterfall,43
Rocky,43
Buckingham,43
Santa,42
called,42
Morning,42
Shore,42
"Place,",42
Forest,42
Newport,41
May,41
Vienna,41
indica,41
Rocks,41
Mimosa,41
Edinburgh,41
Wales',41
Salisbury,41
Paul's,40
Wife,40
Sketches,40
elevations,40
Derbyshire,40
Camp,40
Carving,40
Cobham,40
Plymouth,39
"Oswin,",39
Duchess,39
English,39
du,39
Newcastle,39
first,39
Italian,39
Pass,39
Engine,39
Vauxhall,38
"Harbour,",38
Steam,38
Kent:,38
sailing,38
Stream,38
Castle:,38
Ullswater,38
Figure,38
Conway,38
Princess,38
Upon,38
Family,38
Tyne,38
Wooded,38
Ferry,38
Warkworth,38
Foreground,38
Jones,37
Mountainous,37
France,37
Chain,37
Dover,37
Coburg,37
Cairo,37
Eugenia,37
Staircase,37
Dog,37
November,37
Willis,36
Snowdon,36
Albert,36
Arrival,36
Del,36
John's,36
Through,36
into,36
"College,",36
George's,36
"[sic],",36
ship,36
aan,35
Coleorton,35
Ficus,35
Encampment,35
Pont,35
Sheep,35
Wild,35
Hills,35
Kön.,35
opposite,35
Day,35
Windmill,34
Seated,34
Cottages,34
Coastal,34
Background,34
Home,34
Levant:,34
Robert,34
Convent,34
Pool,34
Somerset,34
Zealand,34
studies,34
Mt.,34
Richmond,34
Switzerland,34
Essex,34
Coburg:,33
2,33
"Garden,",33
Procession,33
General,33
Nottingham,33
Nicholas,33
Little,33
Chinese,33
med,33
Hibiscus,33
Bath,33
Islands,33
Glen,33
Wall,33
her,33
Before,33
Welsh,33
Waterloo,33
Large,33
British,33
Norfolk,32
Rosenau:,32
Hedysarum,32
"Gardens,",32
Winter,32
Antiquities,32
Richard,32
Door,32
Hampton,32
Isola,32
Dee,32
cart,32
Norwich,32
Moonlight,32
Louis-Philippe:,32
Bird,31
"Court,",31
Convolvulus,31
"Inn,",31
Yellow,31
Mosque,31
Kennington,31
Egypt,31
Children,31
Veste,30
Flower,30
Crotalaria,30
Behind,30
Review,30
Shotley,30
Small,30
"Terrace,",30
"Lane,",30
"River,",30
Calcutta,30
King's,29
during,29
Mont,29
Top,29
Horses,29
Beyond,29
Walls,29
Fountain,29
Maria,29
Chatsworth,29
Gibraltar,29
February,29
Vale,28
Group,28
Tenerife,28
Landing,28
Cornwall,28
Gallery,28
Nature,28
"Mill,",28
"Cottage,",28
1855,28
native,28
Justicia,28
Lago,28
vanaf,28
Osborne,28
