The,2911
View,1431
A,1276
Castle,932
St.,906
Church,881
River,460
House,429
Bridge,416
Old,405
Landscape,394
North,372
Street,368
Near,329
Lake,288
"Castle,",278
South,265
"House,",264
West,263
Windsor,254
East,249
Park,246
Temple,244
[sic],241
Prince,224
-,222
Scene,219
Cathedral,216
Memorial,215
Wales,206
On,198
New,187
Great,187
Interior,186
Bristol,185
"Church,",176
Hall,176
Abbey,172
Royal,171
Chapel,171
Palace,168
Figures,164
Entrance,162
London,161
Hill,159
Portrait,159
"Hall,",156
Queen,156
Lambeth,156
Cottage,151
Road,148
From,140
Tower,139
At,139
In,137
Ruins,133
Rome,132
Study,132
Brighton,131
Gezicht,126
Thames,126
"Street,",126
Man,126
Visit,124
Front,121
An,120
"Bridge,",120
Village,118
Coast,117
Bay,117
Views,117
Valley,116
Harbour,115
John,114
Venice,114
Garden,110
Town,107
Carlisle,106
Looking,105
Lady,104
Two,104
Gate,102
Trees,98
Market,98
Priory,98
Isle,98
Stone,96
Villa,96
Loch,95
Seat,95
Schloss,94
Yorkshire,94
Room,93
Lane,93
Island,91
Tomb,91
Country,90
Sir,89
Mount,89
Boats,88
Design,83
College,83
Mill,82
Mary,82
Sea,80
Plan,78
Alnwick,77
High,77
Boat,77
Side,77
Thomas,76
City,76
&,75
Tynemouth,74
French,74
Sunset,73
Shipping,73
Manchester,73
Ruin,72
Mrs.,72
Mountain,72
Kent,71
Woman,71
Gateway,71
"Road,",69
Part,68
Water,68
San,68
Wight,67
"Hill,",67
"Chapel,",67
"Palace,",67
Northumberland,66
"Abbey,",66
Grand,66
Oxford,66
George,65
Lord,65
Houses,65
Clifton,65
Gentleman,64
Gardens,64
Fishing,64
India,64
Redcliffe,64
Westminster,64
Queen's,63
Farm,62
Château,62
Henry,62
Inn,62
Beach,61
Victoria,61
Sketch,61
End,60
Eton,60
Elevation,60
Back,60
Distant,60
Head,59
James,59
Arch,59
Sicily,59
William,59
Court,58
Nile,58
Mr.,58
"Tower,",58
York,58
Port,58
Hyde,58
"Park,",57
Cross,57
Lodge,56
La,56
Terrace,56
Devon,56
Exhibition:,56
King,55
Fort,55
Battle,54
Italy,54
Duke,54
De,54
Cumberland,53
"France,",52
Roman,52
Avon,52
Mr,51
Elizabeth,51
Place,51
Brass,50
Horse,50
"Italy,",50
Greenwich,50
Mountains,50
Paris,50
Hospital,49
August,49
Sussex,49
Drawings,49
"Bay,",49
"Spain,",48
Prints,48
"Saxony,",48
Square,48
St,48
"Reba,",48
Volume,48
Young,48
Winchester,48
Plate,48
Rock,48
Holy,47
Pier,47
"Gate,",47
Surrey,47
Canal,47
James's,46
Buildings,46
Tivoli,46
Balmoral,46
Girl,46
Ruined,46
Evening,46
Theatre,45
Building,45
Falls,45
Green,45
July,45
Clapham,45
Black,44
Rhine,44
Upper,44
Long,44
Earl,44
Charles,44
Naples,44
Lower,44
Ancient,44
Monument,43
Remains,43
Buckingham,43
White,43
Between,43
Santa,42
Right,42
"Place,",42
School,41
No.,41
Of,41
Window,41
March,41
Bank,41
Vienna,41
Wales',41
Cattle,41
Newport,41
Drawing,40
May,40
Derbyshire,40
Edinburgh,40
Wood,40
Carving,40
Paul's,40
Cobham,40
Salisbury,40
Italian,39
Newcastle,39
Pass,39
Engine,39
Corner,39
"Oswin,",39
Plymouth,39
Distance,39
Duchess,39
Kent:,38
Rocks,38
Tyne,38
Section,38
Ullswater,38
Conway,38
Le,38
Warkworth,38
Steam,38
Waterfall,38
Princess,38
Shore,38
Castle:,38
Vauxhall,38
November,37
Dover,37
France,37
Cairo,37
Jones,37
Chain,37
Three,37
Coburg,37
English,37
Indian,36
Willis,36
John's,36
"Harbour,",36
Sketches,36
"[sic],",36
Snowdon,36
Ferry,36
Albert,36
Family,36
Coleorton,35
"College,",35
Common,35
George's,35
Stream,35
Mountainous,35
Figure,35
Pont,35
Rocky,35
Mt.,34
Robert,34
Somerset,34
Windmill,34
Switzerland,34
Essex,34
Convent,34
Nottingham,33
Waterloo,33
Levant:,33
Hills,33
Nicholas,33
Wooded,33
Coburg:,33
Bath,33
With,33
Welsh,33
Richmond,33
Morning,33
Glen,33
Cottages,32
Isola,32
Rosenau:,32
Seated,32
Off,32
Wall,32
General,32
Louis-Philippe:,32
Sheep,32
Encampment,32
Antiquities,32
Norfolk,32
British,32
Day,32
Arrival,32
Richard,32
Norwich,32
Coastal,32
Dee,32
Staircase,32
Hampton,32
Sailing,32
"Court,",31
2,31
Kennington,31
Home,31
Egypt,31
Camp,31
Forest,31
"Gardens,",31
First,30
Ship,30
Islands,30
Shotley,30
I,30
Veste,30
Foreground,30
"Garden,",30
"Inn,",30
Chinese,30
El,30
"Lane,",30
Mosque,29
Chatsworth,29
February,29
Gibraltar,29
Children,29
Review,29
Little,29
Maria,29
Moonlight,29
Calcutta,29
King's,29
"Terrace,",29
Pool,29
Vale,28
Malta,28
"Engine,",28
Door,28
Mont,28
Tree,28
Upon,28
Wife,28
Winter,28
One,28
Tenerife,28
Lago,28
Cornwall,28
Cart,28
Osborne,28
"Cathedral,",28
Florence,27
Chepstow,27
House:,27
"Cottage,",27
Saint,27
Chelsea,27
Greenock,27
"Priory,",27
Fountain,27
Walls,27
Blue,27
Abu,27
"Mill,",27
Procession,27
Chairing,27
Bishopsgate,27
Trinity,27
Prudhoe,27
Chiswick,26
January,26
"River,",26
Manor,26
Porch,26
Ham,26
Ekeby,26
"Bright,",26
Peasant,26
Background,26
Gallery,26
Zealand,26
Palace:,26
Wye,26
Gebel,26
Harlech,26
Gloucestershire,25
Bedroom,25
Down,25
Leigh,25
Palazzo,25
Scotland,25
Hastings,25
Panorama,25
Yard,25
Canterbury,25
Esq.,25
April,25
Durham,25
"Island,",25
Peter's,25
Pavilion,25
Ireland:,24
Locomotive,24
His,24
Large,24
Seen,24
"Houses,",24
Monte,24
Naval,24
Headfort,24
Railway,24
Peddler,24
Women,24
Red,24
Gorge,24
Point,24
Normandy,24
Edward,24
Studies,24
"Farm,",24
Crossing,23
Michael's,23
Dutch,23
Across,23
Maggiore,23
Storm,23
"India,",23
Hôtel,23
June,23
Cries:,23
Eastern,23
Francis,23
Group,23
Ships,23
Monastery,23
Windermere,23
Horses,23
Mary's,23
"Square,",23
Cliffs,22
Churchyard,22
Ground,22
